{"cameraMode":{"drawMode":0,"name":"Shaded","section":"Shading Mode"},"sceneLighting":false,"audioPlay":false,"sceneViewState":{"m_AlwaysRefresh":false,"showFog":true,"showSkybox":false,"showFlares":true,"showImageEffects":true,"showParticleSystems":true,"showVisualEffectGraphs":true,"m_FxEnabled":true},"in2DMode":false,"pivot":{"x":0.12756133079528809,"y":0.5645213723182678,"z":-1.7991787195205689},"rotation":{"x":-0.17601506412029267,"y":0.6393802762031555,"z":-0.1536298543214798,"w":-0.7325404286384583},"size":0.8132847547531128,"orthographic":false}