{"cameraMode":{"drawMode":0,"name":"Shaded","section":"Shading Mode"},"sceneLighting":false,"audioPlay":false,"sceneViewState":{"m_AlwaysRefresh":false,"showFog":true,"showSkybox":false,"showFlares":true,"showImageEffects":true,"showParticleSystems":true,"showVisualEffectGraphs":true,"m_FxEnabled":true},"in2DMode":false,"pivot":{"x":0.6694290637969971,"y":1.012693166732788,"z":-1.5267308950424195},"rotation":{"x":0.22011631727218629,"y":0.4455610513687134,"z":-0.11400782316923142,"w":0.8602517247200012},"size":0.9022743105888367,"orthographic":false}